,r-squared,mse
Csprs,0.9781032511948736,0.5045772550746513
Cys1,0.9825866699628524,0.07755978324871847
Fgf2,0.9822223835491444,0.2808502484753976
Rhox5,0.9972646076447476,0.004159528857739942
Trib2,0.9721263264037219,0.6080203915470573
